Ime,Priimek,Drzavljanstvo,email,geslo
Carter,Hurring,79,churring0@imgur.com,nMgnXWyFloE
Vasily,Diack,53,vdiack1@amazon.com,q84fNYsgjH
Myrta,Iashvili,241,miashvili2@mysql.com,oPdUy6p6Z4
Dodi,Wathen,217,dwathen3@wiley.com,uOMDdBy3HF
Brinna,Barnsley,209,bbarnsley4@berkeley.edu,0iGyvCbNI
Zak,MacAlaster,81,zmacalaster5@vimeo.com,veMwlE8
Federico,Southwood,68,fsouthwood6@nbcnews.com,Xpy7QQp9O
Ad,Sindall,5,asindall7@wikipedia.org,v9x1pT5dokF
Halimeda,Boyce,244,hboyce8@livejournal.com,MwjR7MPgGwsV
Lory,Toor,159,ltoor9@mashable.com,xw3i7K6
Lawton,Spadotto,160,lspadottoa@pagesperso-orange.fr,7qLR2K4uPdAz
Octavia,Garnul,141,ogarnulb@photobucket.com,u61aGpR
Brittne,Laneham,36,blanehamc@fastcompany.com,uoVyfAGv7s5
Nester,Dowtry,142,ndowtryd@admin.ch,SuSyTwPdLq
Emogene,Ipsley,57,eipsleye@so-net.ne.jp,wfvOugwXWF
Bo,Barnardo,159,bbarnardof@google.ca,NOKcf9Xh
Sallyanne,Piggens,76,spiggensg@china.com.cn,9knqS6r
Ciro,Kemme,181,ckemmeh@phoca.cz,C4Il0LS
Tiphanie,De Beauchemp,207,tdebeauchempi@blogtalkradio.com,nEvplGc
Marlie,Dilloway,249,mdillowayj@yahoo.com,WFNaZ9
Dur,Fullom,91,dfullomk@archive.org,jDoS9ccP1C
Esma,Swabey,44,eswabeyl@slate.com,Vc3JIUy6vXlt
Rachael,MacCallum,181,rmaccallumm@mashable.com,g96Tw7I
Nicole,Braiden,203,nbraidenn@hubpages.com,C0I0RJJ7I
Chevy,Sanson,201,csansono@amazon.co.uk,rvqGO3fp97
Helga,Breinlein,23,hbreinleinp@t.co,SnrZKNjXY6i
Karola,Cowhig,100,kcowhigq@bloglines.com,5M5tr5YWL
Adele,Clohisey,135,aclohiseyr@hubpages.com,uEdjC0KvSMPj
Brit,Cumbridge,180,bcumbridges@youtube.com,yC0KOBG2g8b
Brendis,Nellis,122,bnellist@dagondesign.com,zicrvgZeWY
Hattie,Tailby,45,htailbyu@hubpages.com,dSrtQ7UoMN
Carolan,Large,84,clargev@alibaba.com,iJPmywoK
Moises,Straker,102,mstrakerw@harvard.edu,jbN6Vwm
Bobbie,Mackney,157,bmackneyx@timesonline.co.uk,wdrtNChl
Aloisia,Scamerden,79,ascamerdeny@sciencedaily.com,PTud413xQl
Rosalie,D'Andrea,27,rdandreaz@cmu.edu,nmnGdaM
Johnette,Rickaert,201,jrickaert10@prweb.com,5p16ff87DYK
Ludovico,Ringer,119,lringer11@examiner.com,VXcrlsKk6cP
Floria,Bracer,175,fbracer12@kickstarter.com,NBh4RyU
Charo,Botright,123,cbotright13@bizjournals.com,dcdhDx1L4S
Merwin,Brodhead,45,mbrodhead14@chicagotribune.com,FH2Wr8qgn
Jacky,Cleeton,168,jcleeton15@columbia.edu,gTwGL6dc
Orsa,Alishoner,39,oalishoner16@last.fm,o3ack8m5Mt
Richmond,Risdale,181,rrisdale17@reuters.com,nQuf30KAghD
Findlay,Coggan,218,fcoggan18@amazon.com,Gds0gd
Lila,Pamment,38,lpamment19@tiny.cc,WpsbS9j9
Willy,Fortey,194,wfortey1a@stumbleupon.com,t2Z678SVwh9
Rawley,Headey,72,rheadey1b@soup.io,mQ0ijxo
Lindy,Grafhom,117,lgrafhom1c@rakuten.co.jp,X5R2R9p8SRO
Egor,Howle,125,ehowle1d@hp.com,20CvCO0nIwJM
Emmalyn,Gebhard,44,egebhard1e@howstuffworks.com,M9x3ir
Amby,Lethcoe,135,alethcoe1f@thetimes.co.uk,NdR88C7X
Leupold,Lenney,98,llenney1g@feedburner.com,DCFFQRp0
Westleigh,Bloschke,201,wbloschke1h@livejournal.com,ydZmSzpf
Garek,Cudbird,221,gcudbird1i@amazonaws.com,1cKXE7K
Alaric,Downton,40,adownton1j@gizmodo.com,utsZYH70YeJR
Barbabas,Cescoti,47,bcescoti1k@barnesandnoble.com,bTZv6YoAkMq
Bab,Hug,186,bhug1l@timesonline.co.uk,8zZFhdzTdjtW
Alley,Alison,209,aalison1m@nymag.com,LQenTJW9
Blondelle,Halvorsen,147,bhalvorsen1n@wisc.edu,0Xfowma03
Friedrich,Dreghorn,91,fdreghorn1o@goodreads.com,OBu1nE
Selinda,Norval,19,snorval1p@printfriendly.com,U3jSChgPS2i
Lizbeth,O'Hone,143,lohone1q@123-reg.co.uk,IOqEckh6m5o
Vernice,O'Doghesty,230,vodoghesty1r@vimeo.com,c34UBvgojK6
Wallie,Girod,240,wgirod1s@mysql.com,z9NipJlzu
Jess,Sugg,64,jsugg1t@bing.com,BxzH5FSEB5
Nichols,Perin,183,nperin1u@trellian.com,e2VqTqnAN
Darcie,Dochon,37,ddochon1v@google.co.uk,caCFa3YiZvJi
Mendy,Cardenas,245,mcardenas1w@typepad.com,3VguvZk0ftb
Crissie,Spink,102,cspink1x@4shared.com,hdgdreT2O3C
Orsola,Fluit,11,ofluit1y@senate.gov,i0dDdYRu2280
Siana,Saffell,147,ssaffell1z@tinyurl.com,XNV7uy
Valeda,Degnen,6,vdegnen20@goo.gl,EQ9Zfrnn
Chrissy,Southorn,149,csouthorn21@mapquest.com,XHxYIJQFZhYY
Clotilda,Caddell,197,ccaddell22@skype.com,jIppqDUp
Gusta,Doggerell,236,gdoggerell23@ucsd.edu,PrPTqrvR
Wilmette,Bosson,208,wbosson24@blogtalkradio.com,1OjHfv
Jaquenetta,Honacker,53,jhonacker25@biblegateway.com,3k7CQ8xOAD
Evvie,Aimson,113,eaimson26@phoca.cz,FtEnZoj9F
Waiter,Lean,211,wlean27@eventbrite.com,o1CXsV9
Buck,Rahill,134,brahill28@gmpg.org,oGXjP6RN6
Melinde,Berthe,79,mberthe29@flavors.me,dipqQn8
Willy,Venn,202,wvenn2a@amazon.com,Wu1Gwbie450l
Gayleen,Ashburne,88,gashburne2b@wix.com,Ha6MZ7PEXk
Oneida,Goutcher,58,ogoutcher2c@gravatar.com,aPrEF3dw
Nerissa,Cicchillo,105,ncicchillo2d@si.edu,AK7D7m
Keefe,Richarson,91,kricharson2e@studiopress.com,yTpD07WWa0lK
Lane,Lewens,27,llewens2f@guardian.co.uk,aRqYrZ
Rosabel,Rawls,39,rrawls2g@hatena.ne.jp,e79fWQ9YHs3Q
Nicoline,Pughe,155,npughe2h@tinyurl.com,5MUKn4
Lena,Sterry,134,lsterry2i@miibeian.gov.cn,jkFBHlwgLuKr
Trumaine,Grimestone,93,tgrimestone2j@abc.net.au,D2LNRTCbkHWC
Aurore,Sargant,38,asargant2k@opera.com,7KCgYlENddC
Siana,Boynes,21,sboynes2l@macromedia.com,20cFHWlxs
Melisenda,Croan,129,mcroan2m@blogspot.com,qDHPeq
Gayel,Phifer,237,gphifer2n@last.fm,P6KVdnXqRz9
Teri,Barringer,120,tbarringer2o@yelp.com,OngZSaRN
Marlin,Purkins,115,mpurkins2p@go.com,UsGa8ANRoI
Issie,Welland,37,iwelland2q@so-net.ne.jp,VcR8ELp9
Hymie,Siddall,55,hsiddall2r@naver.com,StInSed
Frederique,Kyles,61,fkyles2s@sciencedaily.com,sLv5Wmz
Loreen,Boldison,190,lboldison2t@ifeng.com,iy3m7upCLQ
Gherardo,Rosiello,245,grosiello2u@weather.com,v4LfFR5BpJPN
Ludvig,Grinter,75,lgrinter2v@ow.ly,AcbPPCUbC0
Kenna,Filewood,229,kfilewood2w@people.com.cn,wE42EjsK
Walton,Hulstrom,53,whulstrom2x@vinaora.com,YY2pGsyC
Jobey,Frigot,87,jfrigot2y@msn.com,mLsvbBK
Francklyn,Baison,156,fbaison2z@eventbrite.com,Wi43DWDgNo8
Ilysa,Gurling,128,igurling30@instagram.com,EVt3E1ovUS
Kort,Macon,160,kmacon31@a8.net,nIlPwmpa1nW
Scottie,Crinion,66,scrinion32@deviantart.com,DsY9s5YT
Jedediah,Dener,11,jdener33@cisco.com,PMWWixA2UFqJ
West,Devanney,210,wdevanney34@cnbc.com,Ag86pmz8rJ
Olga,Cowey,199,ocowey35@canalblog.com,16MmpoUk
Shandee,Batchelar,180,sbatchelar36@virginia.edu,KiTS4SVgMTk
Audy,Cuncliffe,72,acuncliffe37@wiley.com,iMqztnY
Vanessa,Daouze,26,vdaouze38@reference.com,dZAaGWH
Ortensia,Gabbat,173,ogabbat39@seesaa.net,NRD3jCQm
Corby,Stalf,135,cstalf3a@amazon.co.jp,EP9N15pzj
Tootsie,Morratt,126,tmorratt3b@springer.com,O4aFFSHFgPE
Yorker,Ashwin,61,yashwin3c@shinystat.com,YL81mkP6QTN
Kippie,Ashburner,115,kashburner3d@ustream.tv,xg8adTF8A
Kalie,Barthelme,166,kbarthelme3e@homestead.com,gKGYWO255Bxz
Dolph,Devon,217,ddevon3f@miibeian.gov.cn,i8HOwyrM
Omar,Keitch,92,okeitch3g@behance.net,TobAFV
Maudie,Gianneschi,42,mgianneschi3h@umn.edu,C1yYsN
Laurianne,Dizlie,245,ldizlie3i@harvard.edu,1L0kEMY81
Eulalie,Knappen,204,eknappen3j@weebly.com,tcEk0Ah
Sid,Risby,160,srisby3k@oaic.gov.au,H9lpcuBC
Velma,Kleeborn,98,vkleeborn3l@tumblr.com,OYCGcP
Rockie,McPaike,230,rmcpaike3m@hubpages.com,SM9aK5ZJLzfc
Quinn,Casse,202,qcasse3n@gnu.org,PCUEp3mCg
Dana,Dell,194,ddell3o@stanford.edu,t0lkZsQ
Dalila,Perri,203,dperri3p@cisco.com,QlaIYS4Zqe
Dorry,Lant,153,dlant3q@abc.net.au,c32Dip
Ara,Postians,72,apostians3r@multiply.com,STZIRVQ
Rudolf,Brown,238,rbrown3s@bizjournals.com,2su814N
Arley,Steckings,97,asteckings3t@godaddy.com,2Wgti3Fz
Viole,Iredell,125,viredell3u@devhub.com,B3NtB5r8
Dolph,Gregon,153,dgregon3v@123-reg.co.uk,VZqfRv5rpPBa
Elspeth,Elverstone,60,eelverstone3w@nyu.edu,wPHrS5
Arte,Puig,162,apuig3x@jigsy.com,heT9yO
Daveta,Cleynman,42,dcleynman3y@wikimedia.org,bPKX9tt
Sheffie,Idell,248,sidell3z@nih.gov,FmE80jsO30w6
Rod,Couche,153,rcouche40@tumblr.com,XgdEak1J0eu
Algernon,Toope,15,atoope41@quantcast.com,7R8LdLdDVg
Cherish,Zanolli,34,czanolli42@gizmodo.com,fuQkues4fC
Janith,Agiolfinger,63,jagiolfinger43@chronoengine.com,9ccVry
Connie,Saunder,146,csaunder44@msn.com,nj2ONW
Phillie,Scotfurth,47,pscotfurth45@mtv.com,GcVuSQHzZik
Brod,Abramcik,115,babramcik46@icio.us,HaHCco0cVP
Tania,Hearmon,184,thearmon47@cocolog-nifty.com,qce939
Arley,Grundle,76,agrundle48@baidu.com,x7QooqWBmkm
Car,Ferrolli,112,cferrolli49@bloglovin.com,hL5cryIDBtz
Lillis,Popley,232,lpopley4a@state.gov,3jvdW6h1aHmb
Sylvia,Bothbie,167,sbothbie4b@ezinearticles.com,5gId8nrYnfR
Abbie,Perez,13,aperez4c@vistaprint.com,q167EHXvBHQw
Udale,Govinlock,166,ugovinlock4d@xrea.com,75AcNcVbVa
Nerti,Ferrea,237,nferrea4e@hao123.com,1bCSrO
Kienan,Saleway,130,ksaleway4f@netscape.com,1BZr4Re
Barbi,Standbridge,182,bstandbridge4g@si.edu,85NHy6
Eamon,Moverley,121,emoverley4h@dropbox.com,3XbgyOgGG
Ronnica,Ellington,200,rellington4i@uol.com.br,HcLUOqF3tk
Ellissa,McQuorkell,201,emcquorkell4j@accuweather.com,APitzJtKgFTA
Virgie,Parcell,159,vparcell4k@washingtonpost.com,92eBmXqY9
Lorelei,Andreichik,65,landreichik4l@live.com,MeZgyKBQH
Ganny,MacAlaster,232,gmacalaster4m@netlog.com,UEVAlzNMvCA
Barri,Howett,228,bhowett4n@technorati.com,GsDs2D6h
Gabriella,Braksper,74,gbraksper4o@creativecommons.org,zADZ2wf3zBAs
Olimpia,Bandt,168,obandt4p@intel.com,Bm0Y7o
Katalin,Haster,199,khaster4q@washington.edu,0wlmeZp75
Josias,Clutterham,89,jclutterham4r@spiegel.de,eyR2REjO1wt
Clarita,Muslim,214,cmuslim4s@vinaora.com,jE2aLJiuGHq
Ebony,MacKibbon,12,emackibbon4t@eepurl.com,h5uPQnvB
Alessandro,Onians,2,aonians4u@163.com,E3sEkTVt
Jaquenette,Cosser,64,jcosser4v@ow.ly,U5Bm79W1sB
Gray,Herrieven,51,gherrieven4w@businesswire.com,j1BC3xR8jFwq
Cal,Battista,193,cbattista4x@google.de,vMNdarO5
Raimundo,Hand,9,rhand4y@imdb.com,pFY1NINJe
Lorrayne,Potticary,81,lpotticary4z@wikia.com,y7jIMooyJ
Leontyne,OIlier,224,loilier50@cnbc.com,AncZbuAUd3
Torrie,Claire,175,tclaire51@surveymonkey.com,zEjg1WF6CbW
Yoko,Lathwood,175,ylathwood52@globo.com,zwpyCdPlppw
Omero,Wellard,64,owellard53@e-recht24.de,jZMSHK9zjWdV
Camey,Fleisch,248,cfleisch54@ucsd.edu,sxeXcXbAINsh
Felice,Ainley,70,fainley55@apache.org,luxli6PXZLft
Minor,Lenden,231,mlenden56@cmu.edu,c5STzX7
Emlen,Hook,42,ehook57@ca.gov,OtVdNzoA2OBl
Monro,Ogilvy,151,mogilvy58@w3.org,3GTgDJlrHOe9
King,Basil,173,kbasil59@hud.gov,gpDNUhEvyl3
Barney,Letts,66,bletts5a@time.com,Sg4IfRwCVQ3L
Lura,Pollak,118,lpollak5b@google.ru,YgtuTfhM7
Dominique,Iannuzzelli,139,diannuzzelli5c@columbia.edu,5o1qd14
Tonya,Cline,22,tcline5d@netvibes.com,egvu6l
Mordy,De Paepe,237,mdepaepe5e@sitemeter.com,tOsHTNO
Lauren,Manwaring,106,lmanwaring5f@macromedia.com,ePlKAjiWiwi
Nicko,Barrowclough,67,nbarrowclough5g@skype.com,xkvGgE
Boycie,Poole,173,bpoole5h@blog.com,894eFsYU
Lisabeth,Kluge,113,lkluge5i@networkadvertising.org,6mmuiYkp6wn
Myron,Joesbury,210,mjoesbury5j@hud.gov,E3wmB5Ds
Merrili,Pietraszek,52,mpietraszek5k@mlb.com,jN0itwrYh9x
Benn,Berrie,79,bberrie5l@independent.co.uk,5mpbDHIIsK
Sonni,McNeigh,91,smcneigh5m@g.co,pZmPVoF
Ferdinand,Dungee,48,fdungee5n@theatlantic.com,bZQDTBG5Aw
Aymer,Natwick,149,anatwick5o@delicious.com,obFkOX7dA9p
Constance,Wanderschek,244,cwanderschek5p@paypal.com,q9XtoiH
Tadeas,Wisker,178,twisker5q@latimes.com,SNhaBD99zZc
Jammie,Bolens,59,jbolens5r@opera.com,sm0n3rcBNN
Yorker,Gifford,3,ygifford5s@umich.edu,qtJwgu3Rmg
Karry,Gerriessen,51,kgerriessen5t@ca.gov,7MwEbajfD
Charmine,Kleinfeld,8,ckleinfeld5u@shutterfly.com,wyomcjD
Farly,Tolomelli,110,ftolomelli5v@usa.gov,cRhJi7Lt2
Glad,Northern,55,gnorthern5w@woothemes.com,fxhut4b
Lyndell,Saxon,153,lsaxon5x@histats.com,T4gI1qB
Flossy,Fenlon,197,ffenlon5y@independent.co.uk,p8bqqxvM
Aprilette,Wolland,8,awolland5z@hud.gov,xkxE7I6NPev
Blaine,Pobjay,193,bpobjay60@earthlink.net,eLtbVt9Tf3Ud
Joceline,Baugh,55,jbaugh61@time.com,FTM2Zr
Artair,Buglar,155,abuglar62@shop-pro.jp,NbBuVtVQatp
Franny,Armer,34,farmer63@bbb.org,PKeoU6fsyTPO
Rupert,Copley,130,rcopley64@yahoo.co.jp,A7AtLcGNhQg
Marcie,Noor,28,mnoor65@aboutads.info,b2QZjv5
Lucias,Jamrowicz,209,ljamrowicz66@bravesites.com,KSGtiH2ea
Pavel,Barkshire,106,pbarkshire67@umich.edu,2P3JooJL7Caz
Winni,Falkus,118,wfalkus68@amazon.com,pt4CgsHxY
Byrle,Exton,210,bexton69@issuu.com,FlwZLPRR
Zane,Martinho,60,zmartinho6a@edublogs.org,aKkePAxxD8mo
Josefina,Follitt,1,jfollitt6b@tripadvisor.com,mBGfrGy
Tripp,Degoix,88,tdegoix6c@bluehost.com,s2f3Yv
Bevon,O'Hannay,176,bohannay6d@yandex.ru,iEpt0M
Dall,Nettleship,247,dnettleship6e@google.co.jp,k8fjcQ5
Khalil,Branch,5,kbranch6f@geocities.com,YEaDFcet0
Sibeal,Boggs,165,sboggs6g@mit.edu,SMEklRwEBIg
Giulio,Zotto,102,gzotto6h@irs.gov,Bz8iIzu
Donnamarie,Clout,34,dclout6i@boston.com,y7QIOoqXxkI
Jacquelyn,Winfindine,172,jwinfindine6j@google.fr,cUUJ3fqQZ
Evvy,Barrott,127,ebarrott6k@economist.com,iQdrDAN
Hayley,Daid,82,hdaid6l@purevolume.com,T8LbVwx
Ibrahim,Fydoe,13,ifydoe6m@who.int,nTYQr05L
Carol,Stuchburie,232,cstuchburie6n@sun.com,gBEatsE
Roby,Kivelle,1,rkivelle6o@a8.net,qFFtDhIv4RaL
Linnet,Grimwood,65,lgrimwood6p@newyorker.com,LDMzudgd0NJT
Tobe,Sorton,150,tsorton6q@cbsnews.com,Gu8V7cj
Leontine,Lightewood,240,llightewood6r@delicious.com,1ugUwLlhNY
Loria,Hucklesby,207,lhucklesby6s@yelp.com,cSyC9hrIl
Ophelia,Shambrooke,120,oshambrooke6t@aboutads.info,F3dcbUwSvUDX
Andrej,Skeemor,18,askeemor6u@omniture.com,okVGXuiy1a
Ronald,Symers,211,rsymers6v@sciencedirect.com,YLQmdPZm18h
Nels,Nottle,219,nnottle6w@ca.gov,pKCyuZPQ
Baxy,Spini,186,bspini6x@disqus.com,qxqJnA
Jobie,Varnham,133,jvarnham6y@cpanel.net,Jrh8iAB7Jo
Denny,Mews,24,dmews6z@parallels.com,IK6ezDmYbH
Nero,Divell,181,ndivell70@lycos.com,euGgNjFb
Augie,Skepper,244,askepper71@youtu.be,BE1kItHBsz
Ricoriki,Bonwell,220,rbonwell72@ask.com,wIyveqYAi
Guinevere,Merryfield,26,gmerryfield73@gizmodo.com,zQoqACeg7w7j
Matthew,Kovalski,124,mkovalski74@biglobe.ne.jp,bXkdKxBf9
Carly,Lark,240,clark75@dailymail.co.uk,y1lN3w
Charlotta,Skerm,22,cskerm76@posterous.com,1vMfIFy6VnuG
Mary,Ikins,210,mikins77@goo.gl,xYdjD30SJzDA
Harli,Lydon,98,hlydon78@bloomberg.com,CO7nOtn
Sandor,Raffan,120,sraffan79@amazonaws.com,i9BQazoqxHI
Shalom,Sleith,122,ssleith7a@hc360.com,Jal0y7DXsoB
Carroll,D'Errico,100,cderrico7b@ebay.com,9Zbb5A
Zitella,Cominotti,161,zcominotti7c@hibu.com,wYLtxvhw
Kanya,Llywarch,61,kllywarch7d@imageshack.us,BXF5omkOAa4x
Gifford,Hubert,128,ghubert7e@cpanel.net,xszsFdwlIr
Sophi,Gorling,12,sgorling7f@infoseek.co.jp,ewYAoK6TmJj
Tanya,Firpi,65,tfirpi7g@engadget.com,Wc84CBN
Esme,Habin,121,ehabin7h@nasa.gov,MUf6OOJ0Cq
Kristopher,Poon,100,kpoon7i@youtu.be,gg9YUW
Berne,Raden,95,braden7j@si.edu,6booXs2RPq
Elvera,Merlin,115,emerlin7k@washington.edu,DmrNem
Seana,Duchan,244,sduchan7l@uol.com.br,qJ9dh6Z4DJV5
Martelle,Treversh,159,mtreversh7m@bluehost.com,rVdn02hZLF
Frasier,Moakes,47,fmoakes7n@noaa.gov,OY3SzzHWI
Alfi,Seward,244,aseward7o@admin.ch,j4rRSv
Stanwood,Lapslie,25,slapslie7p@shop-pro.jp,CMDaPZOu
Crystie,Headly,192,cheadly7q@sciencedirect.com,v1cv3h
Griffy,Guisler,244,gguisler7r@dmoz.org,e6tHPd
Kinnie,Iacovielli,241,kiacovielli7s@skype.com,ibaAND3c
Yolane,Cawson,93,ycawson7t@nydailynews.com,0YCQ1c7G
Jeanelle,M'Quharg,218,jmquharg7u@apache.org,NvubGm0o
Anne-marie,Arch,229,aarch7v@ovh.net,mWp37qvN
Meade,Pibworth,172,mpibworth7w@godaddy.com,4uHPS4l
Gasparo,Haslock,28,ghaslock7x@flickr.com,56LuH8k2h6Of
Esme,Billinge,100,ebillinge7y@stumbleupon.com,OhpDJpYN
Annecorinne,Hanes,153,ahanes7z@gizmodo.com,22v7UYuu
Karee,Andri,106,kandri80@techcrunch.com,WuGb9tkiLB
Ethelred,Quare,149,equare81@springer.com,zhcJDxP
Haslett,Moston,29,hmoston82@imgur.com,kSDX1aGC16H
Frasier,Badland,108,fbadland83@army.mil,mw4BSHiT15K
Isidro,Binnell,57,ibinnell84@yelp.com,t2GXwT
Winifield,Roblou,201,wroblou85@jimdo.com,jfW710
Loraine,Davydkov,182,ldavydkov86@wordpress.org,xWYLNMSiwVeC
Fern,Dirand,46,fdirand87@mozilla.com,Li1F1TxX
Lydon,Melmeth,237,lmelmeth88@dion.ne.jp,S3jQSXZRhh9j
Trixi,Pixton,88,tpixton89@bloglovin.com,WPJNjwCLa
Hedi,Gerrell,111,hgerrell8a@europa.eu,NBuFDRYyW
Grier,Avraham,29,gavraham8b@surveymonkey.com,lm28h958Ft
Erica,Childs,109,echilds8c@bing.com,K9OwukgaILsw
Irving,Bramelt,241,ibramelt8d@facebook.com,z2B9nLY
Corie,Luna,117,cluna8e@freewebs.com,N0GTWcQo
Tonie,Klambt,205,tklambt8f@webeden.co.uk,hGLoFZh2pSs
Elsie,Sarginson,156,esarginson8g@de.vu,TdoaMG3e
Teddi,Ferier,23,tferier8h@rakuten.co.jp,X0JG7IHAgF
Carolan,Vella,239,cvella8i@miitbeian.gov.cn,r0y9GODYEN
Joye,Coneybeer,179,jconeybeer8j@bloomberg.com,agjAHa0if
Andrey,Crinage,11,acrinage8k@nifty.com,vk1B8KrQud
Perl,MacQuist,114,pmacquist8l@forbes.com,zxQOXYhk
Elia,Jakab,114,ejakab8m@berkeley.edu,lJATqyfVQ7
Leroi,Ableson,127,lableson8n@chicagotribune.com,ZYYfIHPNJMH
Melli,Juszczyk,143,mjuszczyk8o@techcrunch.com,BlmKrs7A1g
Torr,Seakes,233,tseakes8p@networksolutions.com,8VlmGj
Bartholomeo,Grundon,46,bgrundon8q@mac.com,kIpnuKOr4Y0
Ilyssa,Ghest,197,ighest8r@admin.ch,Nx474v
Mabelle,Murrill,181,mmurrill8s@cbsnews.com,AJ2CWxROSO
Garrek,Roselli,18,groselli8t@exblog.jp,H3olIXrn
Marwin,Fisher,34,mfisher8u@pcworld.com,YmdifZ
Marty,Scriver,63,mscriver8v@soup.io,zvEwQ2sN
Benjamen,Batterson,25,bbatterson8w@canalblog.com,2TteX3
Hallsy,Pucker,97,hpucker8x@tinyurl.com,VvLDGJeC
Johannes,Woodhall,77,jwoodhall8y@printfriendly.com,z0iCpKv7ePw2
Crin,Scarlett,170,cscarlett8z@google.ru,5Y9YqllC
Burlie,Kettle,180,bkettle90@bandcamp.com,KdtCSQi
Sunny,Jaques,102,sjaques91@mapquest.com,gHQl4hzT
Sallie,Ruggles,93,sruggles92@angelfire.com,b5FbPK9D
Matthaeus,Piggford,211,mpiggford93@disqus.com,iMfpREEyU8Uk
Trixy,Tench,248,ttench94@hugedomains.com,Z254GwUr1e1
Sawyere,Pettwood,42,spettwood95@ucoz.ru,mr2U8CAtv
Tymothy,Radmer,106,tradmer96@latimes.com,XGGom8ygv
Roobbie,Fenech,70,rfenech97@dyndns.org,YdVCNr2dh1c
Nikos,Sherlaw,178,nsherlaw98@china.com.cn,gsF2JuKj
Dalis,Feeney,25,dfeeney99@ocn.ne.jp,B2lz2vjt
Daren,Vallentin,165,dvallentin9a@technorati.com,ahiZ1KGFfn8
Janka,Goff,211,jgoff9b@example.com,6l54v1SDSvI
Berna,Folkes,239,bfolkes9c@un.org,nsXXKtVUQLfb
Huntington,Fourman,231,hfourman9d@msn.com,GgpA9PwM
Monica,Brayford,90,mbrayford9e@nih.gov,l3ZJU0TAA
Veriee,Alwell,17,valwell9f@yellowpages.com,rkXlQDql
Brion,Baddow,131,bbaddow9g@twitpic.com,Nyu6NR9BhHHv
Celinka,McCrohon,92,cmccrohon9h@amazon.de,qpk2US
Susanetta,Harrad,182,sharrad9i@zimbio.com,V4bOjm3P8icE
Shanon,Graysmark,112,sgraysmark9j@skyrock.com,SuQzc9tt1Vcc
Editha,Gossage,43,egossage9k@prnewswire.com,b7NGbfDvN9r8
Olenka,Brundell,66,obrundell9l@salon.com,K2Ch9zowm4X4
Horatius,Elcoate,109,helcoate9m@google.com.hk,SoaYfw84oR
Ellswerth,Dmtrovic,107,edmtrovic9n@si.edu,x7MCkVyk
Mirelle,McArdle,69,mmcardle9o@163.com,UiHeLTH94VBO
Urbanus,Wooder,40,uwooder9p@reverbnation.com,GQf82js
Caresse,Pococke,151,cpococke9q@toplist.cz,Jq4c7gSVwCb2
Whitney,Heinert,218,wheinert9r@umn.edu,4XCwUAbevtM
Clare,Dowse,176,cdowse9s@yellowbook.com,hE3G9pvi
Lian,Teresse,111,lteresse9t@facebook.com,WnGSUnlI7c
Osbourne,Rosell,225,orosell9u@youku.com,64sEA5zzL5
Marcela,O'Scanlan,30,moscanlan9v@google.fr,B8wW6c7
Ciel,Seagrave,113,cseagrave9w@istockphoto.com,C070ev4
Adda,Wrey,145,awrey9x@howstuffworks.com,hwKxTH51zN
Julietta,Langrick,33,jlangrick9y@newsvine.com,1srVCeoSXyyU
Aundrea,Alves,207,aalves9z@earthlink.net,0uUVHO6
Dore,Ellerbeck,18,dellerbecka0@newyorker.com,Hsl5V1r
Jerrine,MacDermand,157,jmacdermanda1@newyorker.com,mTvrNv
Aloisia,Shoveller,231,ashovellera2@si.edu,EznkoW8
Zared,Chestnut,245,zchestnuta3@mtv.com,hUghGZ3tbHl
Lauryn,Valenti,42,lvalentia4@odnoklassniki.ru,MeQr4z4d
Cy,Rigbye,138,crigbyea5@parallels.com,YmrkGpIXgev
Gerri,Kinlock,241,gkinlocka6@clickbank.net,JcNLlM3ZskG
Rafa,Austwick,82,raustwicka7@xinhuanet.com,qEFqXUC
Andy,Dusting,13,adustinga8@dailymotion.com,QoaIrhJftaK
Carmelita,Jeacocke,166,cjeacockea9@irs.gov,ys7zyp
Maison,Avard,100,mavardaa@stumbleupon.com,0yj28QubQD
Ruperto,Loftus,128,rloftusab@ca.gov,C63QlE8bv
Mariana,Eyden,77,meydenac@g.co,RPibiGNOPhce
Nola,Tschirschky,4,ntschirschkyad@elegantthemes.com,USVyD6AWRwt
Ervin,Iglesiaz,56,eiglesiazae@google.de,TJQvuyb
Chiquita,Snelling,183,csnellingaf@cargocollective.com,e6Ycn3y
Luciana,Janse,180,ljanseag@state.gov,JWaqIeK0xp
Cam,Dunlea,138,cdunleaah@bloglovin.com,MutNIhfkgbsB
Rowena,Joselson,240,rjoselsonai@drupal.org,Jw0SXaRjJxt
Shea,Lowdes,108,slowdesaj@bloglines.com,sc2JhseyJ
Justino,Kenryd,225,jkenrydak@opera.com,advOe4kOP
Kelcy,Wadwell,80,kwadwellal@cafepress.com,66lxuQ0GXL
Mabel,Beeble,9,mbeebleam@amazon.co.uk,pxZKSZlD9
Loralee,Neary,147,lnearyan@amazon.co.jp,e3j6Vqpz
Pierrette,Lippini,233,plippiniao@irs.gov,gQsFJkOyaD
Robert,Rainbird,249,rrainbirdap@blinklist.com,mOAg8Ads
Alwin,Leber,122,aleberaq@si.edu,gFgFULJY1GN
Grantham,Duval,59,gduvalar@aol.com,tFHvLnQNM04
Vitoria,Lebourn,33,vlebournas@ow.ly,uSYX5Q
Eddie,Steers,91,esteersat@disqus.com,uTz07LiIj9
Lyon,Faers,216,lfaersau@adobe.com,xxUPMsH
Garrard,Normanvill,70,gnormanvillav@wordpress.com,J0Ts7AE
Gilda,Kolak,90,gkolakaw@parallels.com,xsYR3J
Calv,Soaper,139,csoaperax@webeden.co.uk,ubXXjmV
Kellen,Swetland,242,kswetlanday@trellian.com,Xh38VugffBf
Davide,Emps,90,dempsaz@google.fr,8Hgan4Um
Den,Gateley,108,dgateleyb0@tripadvisor.com,FI2QOlHrMF5f
Kristal,Jeenes,148,kjeenesb1@360.cn,6Dj3J8dsm
Adria,Fellis,26,afellisb2@tripadvisor.com,yMT8w3vSFf
Meris,Caberas,232,mcaberasb3@fotki.com,WFsSzdl
Rorie,Bolzen,56,rbolzenb4@w3.org,mslIlirLfS47
Rochette,Found,214,rfoundb5@domainmarket.com,qIEszkSTfuvv
Dollie,Swires,92,dswiresb6@theglobeandmail.com,6mvPouvhh
Eulalie,Cochet,40,ecochetb7@mysql.com,DRUdTIEHibjp
Abbi,Vials,216,avialsb8@businesswire.com,DphoDj
Niki,Westmoreland,9,nwestmorelandb9@samsung.com,ktP01l
Ivett,Mauser,193,imauserba@columbia.edu,UoXPJDz1Q
Faye,Fawley,110,ffawleybb@drupal.org,fRRJQxt
Katherine,Siggers,9,ksiggersbc@nsw.gov.au,mHQyTo4wIVk
Stephan,Kindall,74,skindallbd@weebly.com,HwvJwVxMz7
Euphemia,Lindro,121,elindrobe@4shared.com,N63BiB7LEGNP
Raynard,Goodayle,104,rgoodaylebf@aol.com,StrQGp4
Megan,Cowup,132,mcowupbg@com.com,WIkqPpj
Rahal,Barnardo,163,rbarnardobh@godaddy.com,F9nelTZVz
Pavlov,Pridding,15,ppriddingbi@1688.com,qTxtAJ7T
Serge,Youngman,169,syoungmanbj@patch.com,OUHUCJDkp8yM
Jammie,Masi,85,jmasibk@1und1.de,sxeDFvmns
Connor,Skellorne,115,cskellornebl@bizjournals.com,WEHSPv
Kelly,Gauge,75,kgaugebm@github.com,TavKmwEW
Jackquelin,Beaney,159,jbeaneybn@mapquest.com,hs4RSzCSNH6
Arden,Maryan,169,amaryanbo@nsw.gov.au,NhOO81OsNWpG
Shantee,Coltart,27,scoltartbp@sitemeter.com,X5UdIlWV1UQ
Don,Gofforth,122,dgofforthbq@miibeian.gov.cn,vFObBZLoacU6
Ilka,Bernardon,212,ibernardonbr@icio.us,ncrec5RM
Bancroft,Cobain,230,bcobainbs@aol.com,eHKIco
Gabriel,Haywood,38,ghaywoodbt@time.com,DCbBLIQ
Izaak,Waycott,158,iwaycottbu@multiply.com,NOpu7mFFwNAv
Torin,Gouldeby,118,tgouldebybv@admin.ch,n7DY8mC
Sue,McCorrie,80,smccorriebw@themeforest.net,K17VgHu
Giffer,Revie,148,greviebx@chronoengine.com,ZPGm8rekKjq
Sig,Lyne,182,slyneby@squidoo.com,ErqCScwO1L
Shirlene,Etridge,23,setridgebz@homestead.com,r5lTepdhCJD
Dermot,Ragge,243,draggec0@imdb.com,bf8siQ1S
Cletus,Jumont,142,cjumontc1@people.com.cn,CkF4LRw
Caleb,Roskams,34,croskamsc2@eventbrite.com,EHmWHd65fnh
Meier,Godfray,56,mgodfrayc3@weebly.com,FXKHInqQn
Mariele,Staveley,64,mstaveleyc4@squidoo.com,yDty26FgH
Raff,Kernock,237,rkernockc5@cargocollective.com,saCtOwPb22
Camille,Yaknov,84,cyaknovc6@issuu.com,86hl7buk2K
Berta,Oakley,121,boakleyc7@vistaprint.com,uJTWIfz
Darya,Sertin,166,dsertinc8@geocities.jp,LRSyyXgJamA
Alexei,Fasson,213,afassonc9@cnn.com,Z8BeSuy
Ruthie,Fibben,174,rfibbenca@wisc.edu,jM8kfE
Hubert,Rattenberie,130,hrattenberiecb@scribd.com,SFoyJ9XeDH
Dewie,MacColgan,183,dmaccolgancc@japanpost.jp,nm0rAf9K
Emanuel,Janota,57,ejanotacd@fc2.com,32TyirWw
Cirstoforo,Minot,53,cminotce@nifty.com,ZEWzH8
Naoma,Caldera,207,ncalderacf@dion.ne.jp,tYGcBVt2Uc7
Nananne,Salters,25,nsalterscg@springer.com,wOQQZHZ
Edee,Aylwin,35,eaylwinch@histats.com,haufew
Winnie,McKimmey,113,wmckimmeyci@google.pl,wHRHQvhos
Starlin,MacFadzan,203,smacfadzancj@instagram.com,48QDsdY
Karoly,Cuppleditch,50,kcuppleditchck@nature.com,w8IKeC1iQu
Sofia,Bloss,226,sblosscl@moonfruit.com,yCSAo6Vnq
Cybill,Iacobassi,69,ciacobassicm@sourceforge.net,USLjZhzQdV
Leigh,Hing,82,lhingcn@qq.com,iMjgILnBmCs
Iorgo,Mattholie,249,imattholieco@ycombinator.com,8TWCfFsw3u
Felicle,Fairebrother,15,ffairebrothercp@ameblo.jp,AL60aaNA
Boy,Garrick,235,bgarrickcq@techcrunch.com,CeQuFHwjPr
Jamal,Shwenn,116,jshwenncr@shinystat.com,kVHRCb
Perla,Darbey,68,pdarbeycs@naver.com,k1oBcvNm8L7
Sofie,Compston,189,scompstonct@webmd.com,VLcHlmP
Gregoire,Esom,195,gesomcu@mashable.com,rKfrrH
Sol,Alexis,24,salexiscv@fema.gov,WGjFm01Z
Stefan,Ardy,79,sardycw@boston.com,qZFwqDwS2Vf
Jacky,Baysting,200,jbaystingcx@phpbb.com,oaKLwE6P
Emlyn,Di Bernardo,90,edibernardocy@vk.com,XdYnd4QbOr
Malena,Dowdam,92,mdowdamcz@bigcartel.com,VMnUO2NZhO
Kit,Crossman,178,kcrossmand0@army.mil,uu7NkFrF
Bentley,Dowe,160,bdowed1@scribd.com,23au3D41
Patrizius,Stilling,156,pstillingd2@fda.gov,SGMQmVKalY
Lyndsay,Baly,80,lbalyd3@nature.com,T1Irp7sxxK
Waring,Carlile,83,wcarliled4@nymag.com,UTWtGh
Edee,Tench,98,etenchd5@istockphoto.com,DAMcHTop1Um
Valida,Palmby,181,vpalmbyd6@comsenz.com,ECTcFHPzr69g
Sandor,Kesper,92,skesperd7@washington.edu,RMqayMUsHXiv
Solomon,Bown,179,sbownd8@qq.com,EYHwDPz
Rafa,Gribbell,189,rgribbelld9@cam.ac.uk,GtnRzpK92
Niki,Lagneaux,224,nlagneauxda@cafepress.com,JSRLxyB58ant
Franky,Balaisot,136,fbalaisotdb@tmall.com,KHOB1cOkDM
Jobie,Allot,112,jallotdc@altervista.org,gIv8WvLs
Merridie,Yurygyn,223,myurygyndd@4shared.com,RcUknYG
Lurette,Arundel,171,larundelde@joomla.org,EZBM1Wv4ArQU
Ambrosi,Devigne,142,adevignedf@loc.gov,UOTM0a7f
Emmalyn,Spurret,19,espurretdg@java.com,FEYoY0I
Eldin,Mudge,78,emudgedh@mysql.com,ZiUjg2LXIu
Junina,Klaas,236,jklaasdi@deviantart.com,c8mWPIGaGD
Rosanne,Duran,235,rdurandj@wix.com,ZDLscyIsr4
Merridie,Huitson,159,mhuitsondk@mit.edu,EiTqHxE7VwM
Agata,Skynner,72,askynnerdl@irs.gov,fS5QsR3oC8
Zaria,Heball,4,zheballdm@unesco.org,B8ukTy
Colas,Dunge,187,cdungedn@amazon.co.uk,uz7mCyZ9IC7
Annis,Antoniou,131,aantonioudo@multiply.com,oyjrevTvwV
Brendan,Hanmer,245,bhanmerdp@psu.edu,cC0VX988n
Marena,Frigot,211,mfrigotdq@bloomberg.com,uliJSgTAXlGe
Boigie,Barta,210,bbartadr@mtv.com,hAXexAlc12
Jayme,Gamlyn,216,jgamlynds@vimeo.com,0iXo26q
Trudy,Yarmouth,226,tyarmouthdt@amazonaws.com,njA8qRX7VwpI
Jordain,Markos,101,jmarkosdu@constantcontact.com,AvY4wQU9C5
Winston,Youngs,150,wyoungsdv@addtoany.com,V7xpsbLl
Jessika,Gascone,40,jgasconedw@dell.com,7Nu77a
Raynell,Bygrove,166,rbygrovedx@163.com,Wb8o8vcCZ
Robinia,Desseine,64,rdesseinedy@1und1.de,yplYOxGFJuYP
Isobel,Vennard,106,ivennarddz@apple.com,cqQGGm6Q
West,Serle,178,wserlee0@jimdo.com,qoH8Pr
Quintina,Jennions,74,qjennionse1@wikispaces.com,H6efn2
Davine,Christescu,94,dchristescue2@ucla.edu,tOBSZnp
Lissy,Stotherfield,200,lstotherfielde3@tinypic.com,lAYRYXHUKa
Salim,Blomfield,120,sblomfielde4@yahoo.co.jp,aiu06owgZu
Ingram,Grabham,85,igrabhame5@t-online.de,JtLWlBC
Padriac,Bedminster,17,pbedminstere6@paginegialle.it,PfJ9CWxTFJ7g
Ansel,McPhillimey,62,amcphillimeye7@tripadvisor.com,i26i5FD
Emmalynne,Capstaff,165,ecapstaffe8@statcounter.com,g1xEsGAL
Toby,Chillistone,5,tchillistonee9@ft.com,mQZGRMpz
Bibi,Steptoe,94,bsteptoeea@zdnet.com,7mcRKq
Jacky,Hellwich,139,jhellwicheb@ibm.com,ENWOdA
Laurie,Arson,72,larsonec@marketwatch.com,GyOvZwGd
Rana,Mannagh,239,rmannaghed@adobe.com,1Mra7NOLys
Helen,Brayley,143,hbrayleyee@blogspot.com,tGF6XDFflfO3
Uriah,Whitehair,98,uwhitehairef@java.com,sukB8SH
Sadye,Wyllie,212,swyllieeg@freewebs.com,dIpyRbMrD9l
Hamish,Creigan,180,hcreiganeh@exblog.jp,C57vsjAasgv
Caddric,Gotcliff,181,cgotcliffei@exblog.jp,cP4kYtWQ9
Bengt,Fewless,190,bfewlessej@pen.io,T9MqJFu
Cirstoforo,Alphege,1,calphegeek@economist.com,2wuIxinoxoN
Zedekiah,MacCard,127,zmaccardel@diigo.com,DDKC7gamX
Amy,Ayton,136,aaytonem@ox.ac.uk,YFYxWBjUpQI
Dore,Lavin,92,dlavinen@mtv.com,XhQkmI
Harwilll,Ruspine,36,hruspineeo@people.com.cn,QEM9aZxT0y0r
Yehudit,Narracott,22,ynarracottep@reddit.com,cRFZ0nxoYt
Vanny,Manlow,95,vmanloweq@home.pl,m8IIw6mZb
Jojo,Kainz,141,jkainzer@seattletimes.com,lepbKPRuP
Jackqueline,Ambrogini,25,jambroginies@patch.com,Q5qlr3
Bethanne,Manthroppe,122,bmanthroppeet@patch.com,d0ry9n
Electra,Yakuntzov,159,eyakuntzoveu@marriott.com,4cLn9lk
Patrice,Alldread,7,palldreadev@tinypic.com,G2M9SSUjM
Truman,Zollner,64,tzollnerew@java.com,fZVgdiYM
Cynde,Heape,94,cheapeex@rediff.com,bHI2o11
Regina,Berridge,96,rberridgeey@csmonitor.com,8JsEzt54
Jesus,Beckmann,147,jbeckmannez@geocities.com,WkIIQbFxo
Pat,O'Cosgra,78,pocosgraf0@goo.gl,yIXjSqxboOUW
Balduin,Oventon,138,boventonf1@ucsd.edu,6lMJzXH
Jorrie,Cupper,66,jcupperf2@squidoo.com,yQIQrgBWyD
Crichton,Napolione,195,cnapolionef3@skyrock.com,rOlHXf
Dena,Balharry,104,dbalharryf4@intel.com,n5HQc3h5r4
Padgett,Runchman,177,prunchmanf5@altervista.org,hCICcuPG
Eric,Oran,30,eoranf6@amazon.com,LIcxp7aQ
Veronique,Circuitt,224,vcircuittf7@biglobe.ne.jp,ZJuSMLD5n
Austin,Grigoire,78,agrigoiref8@angelfire.com,SX2LDlfrcq
Wiatt,Christoffersen,55,wchristoffersenf9@bbc.co.uk,HvrPYwVKaQ
Jacklyn,Pyford,36,jpyfordfa@surveymonkey.com,yFWxXrYgm5
Lionello,Giveen,84,lgiveenfb@usatoday.com,PNmJFAu
Claire,Perrot,228,cperrotfc@intel.com,myDlZLRK
Galen,Detoile,6,gdetoilefd@wisc.edu,WoaAzOz91Q5y
Rochette,Sutheran,227,rsutheranfe@time.com,yxsJFYaq1Kp
Dedra,Newlands,174,dnewlandsff@miitbeian.gov.cn,JK18IqsnsWS
Clea,Jefferies,31,cjefferiesfg@comcast.net,krR3SucVjmZS
Gardy,Brando,28,gbrandofh@skyrock.com,WU27bQBWcN
Riordan,Andryunin,225,randryuninfi@illinois.edu,gDubvhFS
Fletcher,Sowthcote,57,fsowthcotefj@vistaprint.com,fQnacZ
Rycca,Kitchingman,176,rkitchingmanfk@typepad.com,a2zy7N1
Christin,Alstead,24,calsteadfl@youku.com,smDJ6K
Ragnar,Wakeley,86,rwakeleyfm@springer.com,FleJdwRZ
Velvet,Lackner,115,vlacknerfn@google.nl,Ts163fJFe1ku
Louisa,Mizen,174,lmizenfo@cpanel.net,x4tVEqN8aeW1
Mandi,Loud,31,mloudfp@parallels.com,I0k1NKlL
Phillie,Ebbers,178,pebbersfq@facebook.com,rMEI9PW0e0AX
Chiquia,Laweles,27,clawelesfr@nba.com,8lIETBMxQ
Lenci,Blowne,95,lblownefs@ezinearticles.com,Grm34B0mD
Didi,McNiven,181,dmcnivenft@comsenz.com,dLLCGEdi
Udell,Bridgnell,63,ubridgnellfu@google.co.uk,say79Q1sb
Orelia,Angove,246,oangovefv@springer.com,oHluiRa
Dayle,Debow,77,ddebowfw@state.tx.us,mFknpaO9WR
Ellissa,Siley,182,esileyfx@mayoclinic.com,057v4r3
Jordan,Roskell,246,jroskellfy@bluehost.com,VGEcuqifEO
Rafi,Lavis,80,rlavisfz@engadget.com,CZTwFlREsF
Austin,Whymark,168,awhymarkg0@globo.com,RH5cE4ic
Kaylil,Vowell,93,kvowellg1@hexun.com,HyZmbPDn58
Ozzy,Wessel,182,owesselg2@csmonitor.com,OH8DjePPC
Natalina,Sheavills,203,nsheavillsg3@stumbleupon.com,VKHo9Gn6Ja
Bernette,Munkton,147,bmunktong4@redcross.org,eEMysq3GF
Eugen,Tierney,184,etierneyg5@google.com.hk,fHoltvL
Wain,Ranahan,28,wranahang6@shareasale.com,Pqvot1Geukl
Malena,Jagels,42,mjagelsg7@bravesites.com,xDnbZWSH
Davine,Redfield,106,dredfieldg8@about.com,bBZ7tEIB
Morgana,Ferrar,125,mferrarg9@symantec.com,2AzDyn
Mandi,Palmer,228,mpalmerga@feedburner.com,pVLxWrEx2bWW
Natalina,Tomczykowski,201,ntomczykowskigb@illinois.edu,gaPkKz8vi
Sophia,Athow,55,sathowgc@w3.org,9TIlKye
Sallee,McErlaine,10,smcerlainegd@vk.com,j34Csuvsxzi
Keriann,Lennon,245,klennonge@phpbb.com,3M96kJh
Lexy,Pfeffel,46,lpfeffelgf@answers.com,GcjSIsLHj
Kellby,Hollingby,244,khollingbygg@boston.com,LWkBV2fns
Claiborn,Souley,141,csouleygh@symantec.com,5CmyDtY
Natalie,MacKean,33,nmackeangi@de.vu,jFcQVrqr5Vu4
Lucho,Wixey,244,lwixeygj@printfriendly.com,Qfnu65r0l
Royal,Mularkey,153,rmularkeygk@mashable.com,XvXM2Igo
Kerrin,Capoun,231,kcapoungl@statcounter.com,TiCY3e7tBSEx
Valaree,Jacquest,231,vjacquestgm@patch.com,UjSuEAq
Giulietta,MacCallion,33,gmaccalliongn@blog.com,Ufsbusu
Josefa,Henrichsen,136,jhenrichsengo@europa.eu,o1r6iBiCvvk1
Iggie,Quakley,123,iquakleygp@nydailynews.com,6NDtlpy
Sigismondo,Furse,155,sfursegq@wikia.com,wV1aPbQe
Morissa,Warrillow,32,mwarrillowgr@dion.ne.jp,uU67TlD00
Nollie,Dommett,112,ndommettgs@nifty.com,wpMrEp
Elie,Donaghie,127,edonaghiegt@dropbox.com,I2CWhEW5
Nani,Reavell,199,nreavellgu@webnode.com,WN0X64kS8R
Roslyn,Tither,132,rtithergv@live.com,tFBT1WZ6
Diana,Learmonth,207,dlearmonthgw@goodreads.com,ONwRleVMHA
Renee,Saylor,30,rsaylorgx@indiegogo.com,ZwAlAIOp
Aloysius,Wealthall,200,awealthallgy@cbslocal.com,WApdaw
Judye,Bezley,42,jbezleygz@oracle.com,WzC5Lz
Erhard,Brilleman,96,ebrillemanh0@comcast.net,P60DHl
Crista,Filochov,236,cfilochovh1@webeden.co.uk,kczPEuMDc
Alvie,Aleksashin,26,aaleksashinh2@hao123.com,E2cdiVE9
Corbin,Callendar,127,ccallendarh3@hatena.ne.jp,rfixu6
Nike,Aizlewood,249,naizlewoodh4@shutterfly.com,xA8cFnAKqR9
Alyda,Bayman,149,abaymanh5@wired.com,FCLpbrZWNo75
Nils,Hamlett,139,nhamletth6@symantec.com,nGU4Zli
Junina,Fandrey,203,jfandreyh7@omniture.com,DgidEmvrrh
Mohandis,Millis,171,mmillish8@archive.org,GvwLDx2ra
Hyman,Kemmett,194,hkemmetth9@sphinn.com,pkivo5R
Christoper,Siege,189,csiegeha@harvard.edu,2TwUiFeFv
Birch,Grumbridge,181,bgrumbridgehb@reuters.com,kl3rHU
Jabez,Elwell,184,jelwellhc@alexa.com,FpUiHU0
Winn,Landreth,165,wlandrethhd@japanpost.jp,cDuZap8GI8EX
Letitia,Massey,177,lmasseyhe@imgur.com,0C1aDd
Alfie,Phizaclea,102,aphizacleahf@squidoo.com,wuUXq6e
Ethan,Naylor,130,enaylorhg@about.me,eFeUrBIZ6im
Marian,Curbishley,205,mcurbishleyhh@networksolutions.com,wZ5nm5Nz
Valma,Needham,3,vneedhamhi@harvard.edu,ySeqJgb
Reider,Wallentin,248,rwallentinhj@theatlantic.com,qKHd1PGW57G8
Devon,Kitchen,16,dkitchenhk@dion.ne.jp,Q91AENENXK
Melina,Calfe,172,mcalfehl@fotki.com,Rc62yx
Antonie,Durtnel,199,adurtnelhm@state.gov,CVd3jwgBBzHo
Kari,Ortes,127,korteshn@ameblo.jp,jv7kdaGjFPcu
Torrey,Cutmore,66,tcutmoreho@sciencedaily.com,mVOuKdiN
Ann,Stenet,227,astenethp@youku.com,34qs2jQV
Sophia,Coch,11,scochhq@vimeo.com,M8qAZCfbWII
Sonni,Noyce,169,snoycehr@woothemes.com,rDgHBQskXCT
Burgess,Adhams,234,badhamshs@usatoday.com,5SLZSV6Qp
Yoko,Lasham,107,ylashamht@amazon.co.jp,wlzj5nY
Prudence,Oguz,78,poguzhu@google.it,KDFmyN5
Danny,Sargent,46,dsargenthv@linkedin.com,esuCvyz08
Maxi,Lamcken,182,mlamckenhw@hugedomains.com,8wuEal2dcXQH
Christabel,Karchowski,226,ckarchowskihx@pcworld.com,OaQh0sX1fO
Riane,Simonard,202,rsimonardhy@shop-pro.jp,M83Bz8L33fe
Briny,Jaan,94,bjaanhz@sbwire.com,ogS00i2K
Rouvin,Maryet,34,rmaryeti0@prlog.org,ce0O4s
Lindsay,Leadbeatter,125,lleadbeatteri1@unblog.fr,0FYakOUDou
Helli,Struan,185,hstruani2@hugedomains.com,0FzTAzmf367
Becky,Dinsey,91,bdinseyi3@businessweek.com,83QkCk0lwAO
Franz,Nisard,174,fnisardi4@salon.com,QCWCzY
Kelcie,Simao,47,ksimaoi5@time.com,vUeE5Rb
Drusy,Giocannoni,187,dgiocannonii6@example.com,d1CaTRcPU
Stewart,Rose,82,srosei7@reverbnation.com,tsW2v9ik2
Zora,Mollitt,83,zmollitti8@comcast.net,bICHBV
Rab,Cory,39,rcoryi9@jugem.jp,E5fDwcw
Dniren,Spread,160,dspreadia@skype.com,FrG4us0G
Bertina,Devennie,100,bdevennieib@com.com,Dl9TD2C7b3EY
Sofie,Addis,33,saddisic@privacy.gov.au,djYAOFxYm
Mandel,Hackwell,211,mhackwellid@weibo.com,FnoBcZN8sMnr
Valli,Inglesant,82,vinglesantie@cbslocal.com,JF47sM
Noami,Fyfield,20,nfyfieldif@people.com.cn,iGFB2sKaxa
Jozef,Ludlem,133,jludlemig@comcast.net,IrAH9cQs2A
Wally,Daintry,166,wdaintryih@berkeley.edu,rhvxaefYOFFw
Murdock,Chooter,37,mchooterii@chronoengine.com,Ct5vr9SuPYC
Mahalia,Bosch,86,mboschij@google.pl,4Hpf8GNB
Merell,Ivory,167,mivoryik@jimdo.com,cTPm2s5Wv
Neal,Daniel,65,ndanielil@google.pl,ybPDoG
Addison,Burkill,215,aburkillim@networkadvertising.org,mGvhCmY
Trixy,Eefting,40,teeftingin@state.gov,Wd4GmK
Carlina,Lockyer,178,clockyerio@berkeley.edu,e5zIBEZoxC
Fletcher,Vaney,102,fvaneyip@businessweek.com,h6c3un1sq
Cordy,Iskower,35,ciskoweriq@virginia.edu,HYeObRGpUyQ
Diena,Sherrock,63,dsherrockir@gizmodo.com,pXDAN8
Mark,MacMoyer,152,mmacmoyeris@sbwire.com,uk9flncfCXIW
Pris,Buessen,102,pbuessenit@sbwire.com,sUAYtJK44jwv
Allissa,Fairpo,52,afairpoiu@wikipedia.org,QuojvEWRxk8
Chic,Drury,25,cdruryiv@cdc.gov,2ebBCEHp2qC
Kerr,Borrott,108,kborrottiw@reference.com,xBPv6vH7gC
Linet,Egle,151,legleix@cnn.com,cxyXRpXKIoOO
Tyson,Cawthra,179,tcawthraiy@biblegateway.com,Z58ncCA
Melli,Shurrocks,218,mshurrocksiz@springer.com,OD31Xf
Hyacinth,Staker,24,hstakerj0@illinois.edu,PvTfXQCXmI5
Syd,Beardshall,212,sbeardshallj1@clickbank.net,i48SCCI
Pia,Satterly,128,psatterlyj2@yale.edu,FXKCPG5
Dulcy,Fahrenbacher,118,dfahrenbacherj3@cnet.com,6djnErNQT
Sharona,Klishin,181,sklishinj4@nasa.gov,vqFrv3af0
Fara,Bansal,215,fbansalj5@huffingtonpost.com,YaP0mJmSwe6
Teena,Sweedland,56,tsweedlandj6@weebly.com,zoBvShVmdl
Pennie,Scutter,194,pscutterj7@hubpages.com,UXGyLaatO
Midge,Gauvin,117,mgauvinj8@geocities.com,goj04iPL
Nicolis,Rucklidge,85,nrucklidgej9@omniture.com,8Ec08IGeV2T
Cullin,MacFadzan,136,cmacfadzanja@multiply.com,UucbpnlXcC
Cherilynn,Bowman,191,cbowmanjb@gravatar.com,hFFpXinxf0
Noe,Finnan,43,nfinnanjc@shutterfly.com,E2uIx0IUid
Andrew,Jessope,104,ajessopejd@statcounter.com,z2zookmmjyd9
Thekla,Moncreiffe,36,tmoncreiffeje@npr.org,VuNUVFHEU
Dasha,Gerrelt,152,dgerreltjf@dagondesign.com,sb6AnxwFbWI
Myrtia,Filip,27,mfilipjg@cdc.gov,MQUniRRYuNhs
Flory,Blune,22,fblunejh@wp.com,DrGAwdVDf
Samaria,Boyan,11,sboyanji@diigo.com,2VqL7FE
Codee,Gunter,72,cgunterjj@photobucket.com,FCt6cSvID
Kym,Kohrsen,45,kkohrsenjk@springer.com,NK3HdJ
Dunn,Kondratowicz,102,dkondratowiczjl@webs.com,lVfmyUbZU82
Tracee,Friary,202,tfriaryjm@si.edu,zOyyMpblvN
Rebecca,Langtry,120,rlangtryjn@constantcontact.com,dznEWmj
Lucky,Sandom,46,lsandomjo@hc360.com,WBjo0SI
Courtenay,Hicks,134,chicksjp@ftc.gov,V7Q7dAQNdZ
Garth,Gladstone,73,ggladstonejq@unblog.fr,BbkYIkqiW
Zorana,Frowing,20,zfrowingjr@lulu.com,CRWyMzIJCwV
Marianna,Shuttleworth,79,mshuttleworthjs@hostgator.com,yyMblQILENbJ
Chloe,Ker,50,ckerjt@ezinearticles.com,33JYAYoWxfXp
Hermy,Marciek,174,hmarciekju@archive.org,3Gjtol
Raymund,Yakolev,91,ryakolevjv@cmu.edu,BQZ5tlW
Michaeline,Brear,169,mbrearjw@marketwatch.com,jlerFskzkI14
Obadias,Sprake,234,osprakejx@geocities.jp,SnpQQPciXJ
Alyss,Brigdale,248,abrigdalejy@webnode.com,wX5hcMRu
Nanon,Stairs,205,nstairsjz@blinklist.com,6LyyqzljnWq
Robbert,Hedde,146,rheddek0@vk.com,42NAVb
Sofia,Capeloff,91,scapeloffk1@wufoo.com,UpfTJjyHoFQ
Ferdie,Slinger,65,fslingerk2@shop-pro.jp,L1dHN9H83l
Vonni,Rivelin,62,vrivelink3@netvibes.com,mMjW8dglef7
Effie,Douris,194,edourisk4@elpais.com,Kcr4XOLSatbg
Jenelle,Warters,122,jwartersk5@msu.edu,MbGZry3
Mireielle,Hackey,82,mhackeyk6@jimdo.com,ZhDSlhAzLaS4
Pablo,Dobrovolski,170,pdobrovolskik7@google.com.hk,PF3PJDOE
Hildagarde,Brideau,20,hbrideauk8@thetimes.co.uk,YWbf24Phm9H
Cecilia,Sixsmith,158,csixsmithk9@domainmarket.com,lKrOvR6
Arabela,Yarwood,166,ayarwoodka@wordpress.org,4eOKnpD2dhx
Clarence,Millmore,81,cmillmorekb@seesaa.net,4bJt5zN
Laina,Leon,142,lleonkc@technorati.com,phuuboq
Henrik,Mulqueen,132,hmulqueenkd@free.fr,niiP7S
Neal,Puzey,215,npuzeyke@nhs.uk,zPWEOCwYn
Tadio,Goom,8,tgoomkf@slate.com,vuR9AB0G
Dore,Culpin,52,dculpinkg@theguardian.com,4ZsHif
Trudi,Schutze,237,tschutzekh@berkeley.edu,RZdIrSNIyC5r
Vanya,Newby,159,vnewbyki@wordpress.org,iTZV4LHKtu
Roanne,Have,121,rhavekj@latimes.com,jz0Zo2S6dq
Wilmer,Kolis,222,wkoliskk@jiathis.com,6PZtqU
Doria,Levee,190,dleveekl@statcounter.com,g6osPzmg8cU
Ogden,Gurys,76,oguryskm@pcworld.com,Ui7TPmwy9zg
Grantham,Leber,65,gleberkn@wp.com,BUcY8eGHAAO
Leta,Gossington,48,lgossingtonko@mashable.com,yxXiDeYQkR
Angelita,Wickins,95,awickinskp@tamu.edu,3Ra3tyytMKs2
Keene,Davana,178,kdavanakq@answers.com,Mlbahe
Robena,Tink,138,rtinkkr@prweb.com,NSsK0R
Mychal,Bilofsky,218,mbilofskyks@sina.com.cn,IEhmnKE
Iver,Mackinder,223,imackinderkt@wordpress.com,8ZOZWuz06
Allyn,Yanukhin,84,ayanukhinku@nydailynews.com,AxNZCgkeWnRJ
Elsie,Campes,204,ecampeskv@ucoz.com,juVDQD
Jammie,Leonardi,87,jleonardikw@exblog.jp,06sdpr46
Base,Baddam,19,bbaddamkx@gov.uk,IBGMwP7i8ATQ
Fernandina,Aykroyd,173,faykroydky@mayoclinic.com,qGmd4Mdu
Meggie,Gostage,62,mgostagekz@yahoo.co.jp,XQmJ9tn4HPZ
Minne,Birchwood,50,mbirchwoodl0@chicagotribune.com,3Y4P5g6TJW07
Geoffry,Bolingbroke,87,gbolingbrokel1@yelp.com,hnORky
Aksel,Kenwin,28,akenwinl2@latimes.com,P50xITvK
Elsi,Vatcher,127,evatcherl3@google.com.au,A1REnJQJy
Dieter,Sworder,8,dsworderl4@pcworld.com,LWzosk355h
Kimberlyn,Treadway,134,ktreadwayl5@usatoday.com,Zc8sSyw
Ari,Reisenberg,79,areisenbergl6@marriott.com,5kCw0nU4e
Ethelyn,Hassekl,109,ehassekll7@dailymotion.com,TjnlMiHCu4RK
Laina,Jerratsch,127,ljerratschl8@mashable.com,Mx3UkJ
Gaspar,Caw,66,gcawl9@wikia.com,RqqEQNYjF
Jeremias,Duchant,193,jduchantla@friendfeed.com,49i1WKyYhAUB
Carmelina,Munday,187,cmundaylb@mail.ru,IUcR6g
Sigmund,Brisseau,20,sbrisseaulc@army.mil,UsUHmJv2GFz
Datha,Oventon,46,doventonld@smh.com.au,n420lL
Cherilyn,Bending,237,cbendingle@loc.gov,ojvqqN6awWFm
Ruttger,Golborne,83,rgolbornelf@blog.com,lDS3J6
Aguistin,Simeoli,212,asimeolilg@gmpg.org,ahA6Xng
Dore,Tuck,208,dtucklh@geocities.jp,PPsCspGJdXgD
Tammi,Le Cornu,28,tlecornuli@yandex.ru,RBfBjGPTz
Bern,Jenteau,96,bjenteaulj@vk.com,eWMtr26D
Gerianne,Lount,120,glountlk@gnu.org,FeRnjI76rcNV
Joshua,Clive,130,jclivell@surveymonkey.com,51le5Qyvf3Sx
Candace,Elix,195,celixlm@techcrunch.com,XJSKVA
Augustus,Muncie,226,amuncieln@unicef.org,EENcYNQukqKP
Melba,Dripps,207,mdrippslo@blog.com,EJztN2vbB1fW
Jorry,Perett,201,jperettlp@pbs.org,jXIemTejVCHL
Jacenta,Holt,26,jholtlq@hhs.gov,h7M8Hyi
Barthel,Gransden,230,bgransdenlr@jalbum.net,jR8vRzCZ
Rollo,Bigrigg,83,rbigriggls@about.me,QpZBM3A
Joseito,Medd,32,jmeddlt@spotify.com,owlSs8N
Dawn,Braizier,223,dbraizierlu@ucsd.edu,I9imd8v0
Kevin,Prudham,29,kprudhamlv@samsung.com,uoD87fOReY
Amii,Horsted,104,ahorstedlw@networksolutions.com,VmV7SQ
Yule,Ambroix,4,yambroixlx@walmart.com,09tdTKZFDam
Lesly,Stebbings,147,lstebbingsly@mayoclinic.com,wPBUzLonV2Bi
Melany,Lowrie,23,mlowrielz@google.ca,CLi4bZJLtM
Humphrey,Rielly,118,hriellym0@biglobe.ne.jp,zmqP4g
Lynn,Baker,19,lbakerm1@answers.com,rtZqO4i1
Viva,McCarl,68,vmccarlm2@twitpic.com,RIg9sMe9
Abelard,Tollmache,94,atollmachem3@sphinn.com,iXoOVQuypeh1
Freddie,Botten,147,fbottenm4@photobucket.com,wGpOjo0H71
Feliks,Stait,155,fstaitm5@discovery.com,9Hvbrnp
Konstanze,Haythornthwaite,172,khaythornthwaitem6@sina.com.cn,MH8CcK11CU
Clare,Matushevich,36,cmatushevichm7@smugmug.com,qfjuajJl
Blair,Juckes,229,bjuckesm8@nps.gov,SkXKXcFr
Karlens,Rosekilly,135,krosekillym9@so-net.ne.jp,ESsS3k
Bettine,Sperrett,122,bsperrettma@discuz.net,5pX5r0r7dMBV
Viv,Mailey,159,vmaileymb@chron.com,CzRfENp
Barn,Aneley,158,baneleymc@unc.edu,7X0ZScQ
Gwenni,McPhelimy,174,gmcphelimymd@oakley.com,X11FyfXQ
Kimble,Charer,80,kcharerme@bluehost.com,ycx9FB
Darryl,Germann,159,dgermannmf@washington.edu,j82LoSJ
Natty,Tilby,146,ntilbymg@booking.com,BzQn7JNN
Alvin,Bolmann,170,abolmannmh@macromedia.com,xlPEBzHGn
Sean,Gowen,135,sgowenmi@yolasite.com,Xyc6MWruMYi
Doralia,Havenhand,156,dhavenhandmj@ca.gov,pzRyTqBOEdw
Corny,Bartozzi,226,cbartozzimk@indiatimes.com,MSbAF1VoJ
Jacquetta,Baudon,83,jbaudonml@youtube.com,gbgG2cg8AM
Roberta,Castagne,208,rcastagnemm@sfgate.com,u6pdTVOA
Mack,Sadlier,230,msadliermn@ucla.edu,rlPCgP5ftW
Claudie,Widdecombe,16,cwiddecombemo@diigo.com,olKm294AHu
Thaddus,Gilliatt,203,tgilliattmp@samsung.com,wnBF5a7EWe
Demeter,Cousin,79,dcousinmq@hostgator.com,OJKal5
Vin,Sigsworth,11,vsigsworthmr@sourceforge.net,zTWVr4H
Claude,Bonsul,166,cbonsulms@ebay.co.uk,AWsQZqB6T
Pooh,Doers,139,pdoersmt@dagondesign.com,ODxifXcr
Carolyne,Felgat,128,cfelgatmu@europa.eu,JeMaEjqf
Lazare,Toulamain,191,ltoulamainmv@deviantart.com,xs7FkYW
Kippie,Arthars,154,kartharsmw@sciencedaily.com,uO0uPT4jl
Gard,Tanguy,81,gtanguymx@dell.com,lLEYIiBEl2M
Gorden,Aire,147,gairemy@taobao.com,p9I7ahlj6V
Devonne,Burghall,169,dburghallmz@ask.com,lwMXAl79saJr
Perceval,Lee,159,pleen0@unesco.org,WN08VUc6f
Barclay,Matessian,182,bmatessiann1@archive.org,PUXB9j
Jameson,Pillington,74,jpillingtonn2@answers.com,xvWSvKi
Sven,Biasioli,207,sbiasiolin3@yellowpages.com,bTkiZC5
Dolli,Blastock,139,dblastockn4@businesswire.com,i3dSrt
Honoria,Serchwell,147,hserchwelln5@nymag.com,NGYuamnExvX
Zelig,Golston,23,zgolstonn6@ebay.co.uk,LVG819TC
Allin,Stefi,141,astefin7@dion.ne.jp,3ybHU6M6aanM
Jermaine,Pollicatt,28,jpollicattn8@theatlantic.com,5O0PvZWDi7
Shaughn,Corinton,197,scorintonn9@creativecommons.org,QxYqxfkps4LW
Tiena,Vallance,133,tvallancena@globo.com,7ffgC7z
Byrom,Elstow,175,belstownb@e-recht24.de,RY5wmKSuq
Roth,Poon,104,rpoonnc@nsw.gov.au,w0Od6Hy
Dorothy,Asplin,188,dasplinnd@multiply.com,yhGhH1pfvI
Alayne,Schiell,127,aschiellne@cisco.com,56xPBSUD5n9
Lynnea,Westhofer,84,lwesthofernf@people.com.cn,Gpmttjul
Korrie,Kohlert,216,kkohlertng@dailymotion.com,MDIa0QY91us
Danila,Godier,18,dgodiernh@chicagotribune.com,qCNYmC
Malissia,Feehily,19,mfeehilyni@drupal.org,X8P1qo0
Winnifred,Woodroofe,40,wwoodroofenj@geocities.jp,NOGmucpD6Ixv
Ogdan,Smitherman,100,osmithermannk@nifty.com,sATojT
Devlin,Band,106,dbandnl@linkedin.com,LAjZ7f
Brooks,Sweatland,1,bsweatlandnm@ebay.com,xf2QwLz
Agathe,Wiper,1,awipernn@wordpress.com,nWoRKJigr
Kiley,Vango,208,kvangono@github.io,Y0Z8ISgg
Nessa,Nan Carrow,134,nnancarrownp@fema.gov,jfYqirl2XZ
Tiff,Breagan,96,tbreagannq@nhs.uk,x6Kxy4aME
La verne,Torrie,115,ltorrienr@sun.com,y4OwLsE1
Gunther,Avo,244,gavons@flavors.me,odHnZe
Wilona,Twinning,186,wtwinningnt@nps.gov,L5XZeNAoI5
Abel,Serotsky,14,aserotskynu@technorati.com,6SiT4hI3C40V
Mateo,Sherbrook,95,msherbrooknv@google.nl,AoRv5UxWM3
Burl,Urquhart,175,burquhartnw@deviantart.com,euodbNtRiZJ
Hamnet,Brill,16,hbrillnx@php.net,jEotevz
Spike,Elcoat,149,selcoatny@wordpress.com,I6V6cE
Etheline,O'Loughane,150,eoloughanenz@imgur.com,d10HePe
Kinnie,Mizzi,103,kmizzio0@diigo.com,CgEPtThV
Brody,Yakubov,135,byakubovo1@blogtalkradio.com,ZTNCMh
Nat,Juris,8,njuriso2@mysql.com,RUvqMMKJg
Karlan,Currington,33,kcurringtono3@miitbeian.gov.cn,X9IqzESxnt
Natalina,Boch,155,nbocho4@aboutads.info,QHwrrDza4q
Reinwald,Ruselin,248,rruselino5@nhs.uk,7MJE7t
Steffen,Josefs,106,sjosefso6@spiegel.de,NdGMCbRg
Bartholomeus,Turnor,154,bturnoro7@goo.gl,hqogayuidyM
Thomasine,Mansford,89,tmansfordo8@columbia.edu,wW7SK8
Regan,Blemen,69,rblemeno9@yellowpages.com,q7lfYtTL0BlH
Fawnia,Kinsell,240,fkinselloa@amazonaws.com,g8yPGLG
Heddie,Cleatherow,149,hcleatherowob@ucoz.com,YkUoTz
Kathy,Rorke,138,krorkeoc@eepurl.com,08shU78lzd
Evin,Richardon,223,erichardonod@topsy.com,aAR1YrP8J
Sheryl,Coleby,134,scolebyoe@wp.com,5VzioNn9RY
Galina,Petriello,247,gpetrielloof@sciencedirect.com,KNSCIA
Zena,Walicki,139,zwalickiog@adobe.com,RecdOPXjB
Maryanne,Ricker,158,mrickeroh@ted.com,gnEug4afMv2
Karin,Godson,66,kgodsonoi@vistaprint.com,88PPlzZ
Kare,Syvret,84,ksyvretoj@illinois.edu,vLQsQQEgotHG
Bob,Trenbay,82,btrenbayok@clickbank.net,XVbguIKf7
Carine,Jenking,170,cjenkingol@sfgate.com,2VWBEVRm9
Theodor,McPhelim,112,tmcphelimom@arizona.edu,2F5oJv
Torr,Sare,25,tsareon@skype.com,AQSRAVuVgc
Fleur,Cooley,181,fcooleyoo@nationalgeographic.com,pKYzDa
Karee,Taffs,124,ktaffsop@miibeian.gov.cn,8z8s4o3cdN
Ingamar,Gitting,110,igittingoq@instagram.com,lHa8CMybZVg
Elijah,Ubsdall,48,eubsdallor@columbia.edu,SZQXEL8NWz
Derek,Ingre,161,dingreos@arstechnica.com,8CL1mXDYEWS
Madel,Griffin,64,mgriffinot@posterous.com,sx41mvopOV
Erik,Chitham,10,echithamou@google.cn,LLuWZovtumsx
Alejandrina,Keysall,114,akeysallov@163.com,36lR2L7s2bSL
Renata,Capponer,248,rcapponerow@edublogs.org,P69n5YfFy
Homer,McGrill,39,hmcgrillox@com.com,cRnJuqNHK
Erv,Whetland,178,ewhetlandoy@qq.com,TKKKfqwcD
Muire,Moreno,100,mmorenooz@ycombinator.com,Rr4PXDFD
Prue,Jindrich,114,pjindrichp0@patch.com,5gqebCr
Cherice,Talmadge,55,ctalmadgep1@miibeian.gov.cn,FqqgHCkV9o
Mandy,Mosedall,195,mmosedallp2@360.cn,RGdy4918nrYj
Sutherland,Tillman,233,stillmanp3@slashdot.org,rkoFK6St5
Cora,Fudger,105,cfudgerp4@kickstarter.com,tsuUSXShZ
Gare,Bleier,216,gbleierp5@google.co.uk,RmnykS
Kattie,Bredgeland,78,kbredgelandp6@i2i.jp,7qFZUK
Chalmers,Heinle,194,cheinlep7@craigslist.org,AAb5qWRH
Dean,O' Kelleher,129,dokelleherp8@dell.com,9rOIyK3
Alvin,Pieroni,58,apieronip9@skype.com,T63dw4Rl
Doris,Colam,43,dcolampa@barnesandnoble.com,vlPS3F31
Abby,Timcke,117,atimckepb@dion.ne.jp,f2NKsKiIGQ
Huntlee,Rowcastle,198,hrowcastlepc@usa.gov,KIlo4aGvwCu
Verena,Clell,233,vclellpd@go.com,npy79uG
Barbi,Humpherson,124,bhumphersonpe@newyorker.com,nDAtNoF6N
Frances,Sharpin,127,fsharpinpf@zdnet.com,xBxK81tUTBQu
Rhoda,Stillwell,13,rstillwellpg@ezinearticles.com,xPzNhubQ
Maddalena,Woffinden,139,mwoffindenph@lycos.com,2KhWW2
Laureen,O' Liddy,68,loliddypi@cyberchimps.com,KlPd84mqONH
Silvester,Kinloch,160,skinlochpj@uol.com.br,8vezRPIqAUk
Bryanty,Lunn,27,blunnpk@theatlantic.com,3B3xik
Florinda,Water,27,fwaterpl@princeton.edu,ZsLfsd4nU
Antone,Duckerin,66,aduckerinpm@altervista.org,x1mpqmYiW2dh
Haroun,Suthworth,193,hsuthworthpn@plala.or.jp,TU65ytU4Mz0
Enid,Clemenson,106,eclemensonpo@apache.org,bmV3el
Stearne,Rawsen,118,srawsenpp@samsung.com,LkvU8cK
Gifford,Cottu,69,gcottupq@vkontakte.ru,2LRjwGNxkAU
Myrtle,Rizzotto,198,mrizzottopr@census.gov,ZosSZt
Frederigo,Benito,52,fbenitops@123-reg.co.uk,BJNtqoit78r
Guenevere,Mellers,157,gmellerspt@hubpages.com,msFfXGwsK
Lenna,Skitral,225,lskitralpu@cafepress.com,1iKqpZNb
Stacie,Chatelain,109,schatelainpv@jalbum.net,HCaN6Z
Gabby,Eich,52,geichpw@bloglovin.com,j3cnQSR73
Mano,Fielden,241,mfieldenpx@fc2.com,fynlZoFnUNlp
Anstice,Langcaster,115,alangcasterpy@aol.com,xncxuR2eO
Adrienne,Curnock,12,acurnockpz@nih.gov,CL10mTry6
Alameda,Seniour,167,aseniourq0@miitbeian.gov.cn,IJ8IIG3My
Demetris,Stratten,177,dstrattenq1@slideshare.net,C4ZKQz8Xe9a
Ardine,Ligertwood,18,aligertwoodq2@si.edu,Y5WTJaV61d
Oralee,Gritten,244,ogrittenq3@senate.gov,YrtFogtR
Suzette,Crevy,11,screvyq4@cmu.edu,SQYdx2R0w
Gayler,Chadwell,72,gchadwellq5@discuz.net,JeI0gmrUR6M
Sollie,Oury,7,souryq6@nps.gov,AdoCONxZXcxE
Sammie,Birdseye,53,sbirdseyeq7@youtu.be,eBy4hgxtw
Sue,Eixenberger,16,seixenbergerq8@bloglovin.com,RnXAalA
Dorelle,Bedenham,59,dbedenhamq9@reuters.com,qWfTI6
Chick,Pretious,74,cpretiousqa@cnet.com,uVsqO1
Paul,Wychard,72,pwychardqb@yellowbook.com,Fp9aNf
Derek,Gosson,67,dgossonqc@hibu.com,TmDJkmo4F6
Otes,Kemmish,77,okemmishqd@clickbank.net,V4wN6WZ
Jesse,Burlingame,179,jburlingameqe@wunderground.com,mpXwVUzeM
Dimitri,Ray,223,drayqf@fc2.com,f7wbEDY
Paxon,Dellit,77,pdellitqg@arstechnica.com,djyv3bch
Beret,Wykey,119,bwykeyqh@dyndns.org,oxk2pob
Asa,Goby,244,agobyqi@reddit.com,zaqgdzg
Kevina,Canelas,52,kcanelasqj@about.me,ua9LVvRKC
Akim,Stribbling,166,astribblingqk@i2i.jp,opdgEBXIAeL
Dolph,Kissack,57,dkissackql@twitpic.com,sNQhDt
Floris,Sherrard,118,fsherrardqm@github.io,7XcuhI
Alwyn,Malcolm,63,amalcolmqn@google.com.au,Rowg0s
Nelly,Porson,156,nporsonqo@sfgate.com,iWeMgVj6sp8
Claudina,Merriott,237,cmerriottqp@163.com,OJpSRu
Viola,Lovitt,108,vlovittqq@yahoo.com,PkTY69d
Archy,Cumbes,149,acumbesqr@privacy.gov.au,WNVaCGy9
Sheffield,Jenking,84,sjenkingqs@cafepress.com,Z8fsVnAK
Fern,Govinlock,74,fgovinlockqt@npr.org,DyTTwfvIUbx0
Marcy,Megson,169,mmegsonqu@nytimes.com,iPGclAu
Jenifer,Waterson,243,jwatersonqv@census.gov,NJ3WgiaIaY
Layton,Ivshin,176,livshinqw@cdbaby.com,KWnQQRNRrMJ
Elihu,Dowey,158,edoweyqx@themeforest.net,wzk9OtE
Berte,Blyth,1,bblythqy@deviantart.com,dBfrRp5le
Sidoney,Abramovic,106,sabramovicqz@ftc.gov,LCKtPo2G
Marcelo,Bertouloume,148,mbertouloumer0@exblog.jp,o09p1xZxlAfb
Gwenore,Calwell,240,gcalwellr1@paginegialle.it,fHibdmVDsGB
Maryjane,Dilston,223,mdilstonr2@mac.com,kbhLDM4Wk3
Carly,Vanelli,26,cvanellir3@tripod.com,ElFyCSF
Marshall,Janks,174,mjanksr4@seattletimes.com,b6e0b6
Budd,Liversage,229,bliversager5@pbs.org,gApzDlipn
Noelani,Beadnell,17,nbeadnellr6@skype.com,LBL9hizajRZ
Carling,Armitt,131,carmittr7@ehow.com,vdIicQ8hF1P1
Timothee,Mardee,147,tmardeer8@i2i.jp,M0f3qOL
Vivienne,End,66,vendr9@symantec.com,buP1tG
Aurilia,Landa,148,alandara@goo.ne.jp,dkzRkf2ApV
Kathye,Larive,143,klariverb@fastcompany.com,OHeCfiuMZ
Margot,Bortoluzzi,179,mbortoluzzirc@google.ca,m09lLp
Kirsti,Zannuto,134,kzannutord@furl.net,OIrPZ3q
Basil,Hooks,47,bhooksre@hostgator.com,dmCHy0qG5QO
Durand,Asel,51,daselrf@barnesandnoble.com,67QeucB
Lucia,Mattock,86,lmattockrg@163.com,Pvi58e
Zelda,Martina,119,zmartinarh@dion.ne.jp,W1wfmxFarVW
Kerby,McNysche,181,kmcnyscheri@uiuc.edu,Dyc9YxWB0I
Allayne,Gladhill,224,agladhillrj@fema.gov,ASRiy1usv3E
Sherline,Wynes,172,swynesrk@princeton.edu,BzIFlKH9h
Gui,Herrema,10,gherremarl@clickbank.net,EPZxRn
Audi,Raft,224,araftrm@cargocollective.com,rXteNRSHme
Dukey,Wixon,152,dwixonrn@cyberchimps.com,sNdVy9D
Cherri,Einchcombe,21,ceinchcombero@wikimedia.org,qdN6bG
Raine,Oulner,3,roulnerrp@upenn.edu,4Pl3ejd
Rogerio,Grassot,87,rgrassotrq@jugem.jp,dlvQbMM
Jacquette,Leijs,154,jleijsrr@wordpress.org,ADIcTCH
